Open,High,Low,Close,Volume,Year,Symbol
37.32874806921435,82.77982190999704,29.729982881150573,70.22705078125,4541858019,2014,ADANIENT.NS
70.09708719091958,294.32584365477464,34.78400998030663,44.054466247558594,2756094975,2015,ADANIENT.NS
44.16011403540846,48.62366294476856,30.743043908524783,40.8599739074707,1494318844,2016,ADANIENT.NS
41.52718881536752,90.85990600187975,40.45964735463337,89.25032806396484,3213232453,2017,ADANIENT.NS
88.95523530876943,177.28135485529262,63.71238657624166,159.0100555419922,3629235895,2018,ADANIENT.NS
158.91126099384326,219.40756155739342,111.60331227457806,206.38180541992188,1310157015,2019,ADANIENT.NS
207.02565069538525,505.77147441773974,116.11794747270858,478.38800048828125,1334161093,2020,ADANIENT.NS
475.84416288477144,1785.7135648032404,475.84416288477144,1706.405029296875,1588257907,2021,ADANIENT.NS
1709.9486765130011,4184.260452459323,1526.076912140834,3853.064453125,507265471,2022,ADANIENT.NS
3864.698584649178,3874.6846686364,1016.056240349317,2846.425537109375,1400922884,2023,ADANIENT.NS
2849.772357653715,3740.5822594935785,2023.9965853186013,2527.39697265625,591771312,2024,ADANIENT.NS
2534.7434706468416,2695.0,2025.545846214616,2239.699951171875,295163961,2025,ADANIENT.NS
2249.0,2303.89990234375,1848.0,1961.0,24834218,2026,ADANIENT.NS
145.39856071050187,303.4255490705756,132.65086951941223,301.30072021484375,913630421,2014,ADANIPORTS.NS
301.2535275953217,355.07025715089236,226.1820470550315,247.16604614257812,812070672,2015,ADANIPORTS.NS
247.26073630233472,301.6737390766481,160.24584512985473,255.47105407714844,1185223044,2016,ADANIPORTS.NS
256.755829022087,423.25782687447423,254.091213679009,387.30999755859375,918615677,2017,ADANIPORTS.NS
388.3126077141117,431.8986709019932,282.21892074875086,372.0376281738281,827555749,2018,ADANIPORTS.NS
370.6941586755561,413.20453193852325,280.2996868214534,351.3990173339844,898066496,2019,ADANIPORTS.NS
353.3192657518262,478.5151480007059,197.05562628920427,469.58453369140625,1291729898,2020,ADANIPORTS.NS
470.79791912336145,874.6162858638822,468.4196497441921,713.88134765625,3071795127,2021,ADANIPORTS.NS
715.5431143044502,972.3306790278057,637.2928581711546,805.2474975585938,1493666912,2022,ADANIPORTS.NS
810.0704845841136,1092.3758091377147,388.89290379616364,1015.0354614257812,2218481052,2023,ADANIPORTS.NS
1017.2155328204377,1606.6564095419903,990.8294504575306,1225.139404296875,1151684342,2024,ADANIPORTS.NS
1217.0786679941784,1549.0,1005.8562813251075,1469.800048828125,603380578,2025,ADANIPORTS.NS
1472.800048828125,1496.800048828125,1292.0,1349.0,31632727,2026,ADANIPORTS.NS
900.5734431202145,1200.3101357478072,816.1430025564229,1087.8385009765625,40015698,2014,APOLLOHOSP.NS
1089.0901924924863,1466.0923177385762,1039.7394016436522,1418.2667236328125,53257811,2015,APOLLOHOSP.NS
1410.5783798258426,1494.1392576148598,1079.6992628582311,1146.0391845703125,49018689,2016,APOLLOHOSP.NS
1146.1363348479551,1319.0279513487753,934.788682178368,1176.65283203125,111781706,2017,APOLLOHOSP.NS
1187.5914175706937,1304.6667873471265,888.8378984264365,1234.4718017578125,145758502,2018,APOLLOHOSP.NS
1229.2720654568302,1556.021002290059,1062.5894372108637,1420.3853759765625,176330308,2019,APOLLOHOSP.NS
1418.4151441646693,2490.778696368794,1033.223433030434,2384.82177734375,305785608,2020,APOLLOHOSP.NS
2377.6062249007355,5870.15343596584,2358.1345171985267,4958.2880859375,236672470,2021,APOLLOHOSP.NS
4983.063715263713,5084.97986141983,3324.5969994897014,4440.49609375,167387404,2022,APOLLOHOSP.NS
4450.809534087607,5740.474825861471,4088.834265988079,5674.912109375,110203560,2023,APOLLOHOSP.NS
5711.623456046831,7524.712082556338,5611.140206325897,7276.73095703125,103982170,2024,APOLLOHOSP.NS
7300.31709841415,8099.5,5993.328624607504,7042.5,96484074,2025,APOLLOHOSP.NS
7063.0,7488.0,6696.5,6798.5,7401767,2026,APOLLOHOSP.NS
447.3119483062771,740.199654988536,416.3692098964978,687.8115234375,262969888,2014,ASIANPAINT.NS
686.7145611332712,852.1970265244955,633.5948108126642,814.59521484375,322388837,2015,ASIANPAINT.NS
813.166221633846,1137.5569405799426,761.5365415114501,827.9449462890625,278004893,2016,ASIANPAINT.NS
829.7567690560369,1180.479529791694,819.7680957443321,1086.0987548828125,208358228,2017,ASIANPAINT.NS
1090.317814558799,1404.0474922247777,1021.9736411605727,1296.4271240234375,266998574,2018,ASIANPAINT.NS
1296.5689384351572,1744.9788749148931,1223.535482348358,1697.5692138671875,322230760,2019,ASIANPAINT.NS
1702.5621458013168,2653.2783929055886,1366.605485390127,2646.099609375,592416178,2020,ASIANPAINT.NS
2640.835283916221,3371.4933093180784,2163.2068684439873,3257.9345703125,401470673,2021,ASIANPAINT.NS
3257.9831012651453,3470.3801856179925,2479.6040989359035,2995.241455078125,307082985,2022,ASIANPAINT.NS
2995.2414014890064,3483.9827276550905,2605.2558621308267,3328.08154296875,227466148,2023,ASIANPAINT.NS
3328.6683774458093,3352.875352453206,2232.387264522019,2256.971923828125,326236222,2024,ASIANPAINT.NS
2255.636208472045,2985.699951171875,2102.045288135926,2769.5,300045272,2025,ASIANPAINT.NS
2775.89990234375,2914.5,2648.0,2687.699951171875,17100143,2026,ASIANPAINT.NS
249.37917922323865,490.20575055606474,207.43598340057534,486.3337097167969,1641149429,2014,AXISBANK.NS
486.57565768900594,633.9568882580924,419.1082375032341,438.2340087890625,1787690220,2015,AXISBANK.NS
438.86828364837754,628.680650210844,357.8764564742647,443.1691589355469,2478443215,2016,AXISBANK.NS
444.5973071057011,564.7873768797839,418.0041872202967,560.908447265625,1996688522,2017,AXISBANK.NS
560.7593514612562,674.2936957915098,478.65451668635706,616.5568237304688,2243893815,2018,AXISBANK.NS
618.5459689958061,823.2857423415825,600.3943460000521,750.9644775390625,2430130321,2019,AXISBANK.NS
751.7611465898424,757.5370313018777,284.8107661686673,617.8701782226562,6895725292,2020,AXISBANK.NS
617.6710107903466,863.2954640451875,613.4387402970075,675.7285766601562,3049786471,2021,AXISBANK.NS
677.4214974662981,956.3664868499249,615.6792721701594,931.2828369140625,2468988895,2022,AXISBANK.NS
929.7867896608932,1149.9788617561794,812.1484651209591,1100.5093994140625,2498863296,2023,AXISBANK.NS
1093.221182919986,1338.5060612393027,994.082634977829,1063.790771484375,2411586468,2024,AXISBANK.NS
1063.2413952878649,1304.0,932.7028964179103,1269.4000244140625,1773962662,2025,AXISBANK.NS
1270.0,1333.199951171875,1248.0,1315.699951171875,109330811,2026,AXISBANK.NS
1410.4635004740776,2028.1156373292108,1320.7535698820304,1830.533935546875,75593826,2014,BAJAJ-AUTO.NS
1829.4427049824542,2038.4014915328848,1439.2471702822108,1943.2352294921875,93472850,2015,BAJAJ-AUTO.NS
1941.777313329025,2452.849336215247,1666.9075662858986,2069.35546875,65156026,2016,BAJAJ-AUTO.NS
2077.610476223854,2715.0692543398914,2006.304928023379,2673.842041015625,66023952,2017,BAJAJ-AUTO.NS
2678.975521585468,2781.9232862476765,1980.9515152918616,2226.646728515625,116802843,2018,BAJAJ-AUTO.NS
2238.8029556359133,2752.559463781029,2014.595026016435,2665.522216796875,120882080,2019,BAJAJ-AUTO.NS
2663.8483362926368,3036.9414040737297,1564.140541465006,3011.756591796875,213103477,2020,BAJAJ-AUTO.NS
3013.461652827648,3813.9619575234947,2738.6419298493674,2939.67138671875,144322783,2021,BAJAJ-AUTO.NS
2948.221126468309,3878.4851039063515,2827.2596056524785,3394.396484375,105792769,2022,BAJAJ-AUTO.NS
3395.287908947251,6611.299912107447,3304.2806267541064,6575.79541015625,100452847,2023,BAJAJ-AUTO.NS
6549.433464494265,12458.258373030149,6347.19430180852,8581.1201171875,126287995,2024,BAJAJ-AUTO.NS
8537.67119597237,9490.0,6914.118957712413,9343.0,96916841,2025,BAJAJ-AUTO.NS
9365.0,9888.0,9072.0,9441.0,6016076,2026,BAJAJ-AUTO.NS
14.933116925808134,34.10779776954601,13.975863672712448,33.606204986572266,795594700,2014,BAJFINANCE.NS
33.606207143917196,58.46324171291046,32.7211823147317,58.1723747253418,1278148200,2015,BAJFINANCE.NS
58.23190919879023,115.00713513186713,51.775311844221655,81.81351470947266,3160537250,2016,BAJFINANCE.NS
82.76551152217282,193.41339337916736,81.79408529580274,171.0908203125,2579283770,2017,BAJFINANCE.NS
171.3635151881959,292.0967279539503,147.18078560046007,258.0626525878906,4207609830,2018,BAJFINANCE.NS
258.04804021747844,418.4431751369294,229.75545800385376,413.8693542480469,3925634740,2019,BAJFINANCE.NS
414.1674156407626,526.2704311639374,174.65615928754804,518.6984252929688,16646924490,2020,BAJFINANCE.NS
520.1677749239727,789.8226507550254,427.28553148363966,684.5751342773438,4776209350,2021,BAJFINANCE.NS
684.3494701778985,789.3322086161314,512.1583318045123,647.4722290039062,3042478770,2022,BAJFINANCE.NS
646.4677938329976,810.109230748623,540.1871280909953,724.6433715820312,2539334180,2023,BAJFINANCE.NS
725.5531572687302,777.6018198056745,611.9133606571849,678.1156616210938,2954167000,2024,BAJFINANCE.NS
678.1156838285779,1102.5,676.4260971937944,986.7999877929688,2376717439,2025,BAJFINANCE.NS
988.2000122070312,999.1500244140625,914.6500244140625,916.4000244140625,118646781,2026,BAJFINANCE.NS
73.82762506069318,140.85707488317186,65.32852431124246,129.9962921142578,155514960,2014,BAJAJFINSV.NS
130.2199916323734,214.94407324038295,120.10975639746577,197.81822204589844,179588040,2015,BAJAJFINSV.NS
198.02718153451204,346.66389603642943,154.36666309792548,288.37359619140625,388084240,2016,BAJAJFINSV.NS
288.6873113303078,577.0204093516762,284.782379051283,521.2516479492188,345774060,2017,BAJAJFINSV.NS
519.0193172097654,717.7464674047585,448.46142459461976,645.6678466796875,481369900,2018,BAJAJFINSV.NS
649.4609154894318,945.5410373464399,583.6675429749121,936.7008056640625,668920240,2019,BAJAJFINSV.NS
939.3583431409223,992.2097215562529,397.6354128006647,888.6358032226562,2116219260,2020,BAJAJFINSV.NS
890.9954828705986,1928.6296850873875,825.5127886776469,1637.334228515625,1001551800,2021,BAJAJFINSV.NS
1637.364025937005,1858.3706011103914,1070.9572068738291,1545.306396484375,753112333,2022,BAJAJFINSV.NS
1547.452960667019,1739.0550520470943,1213.0033832183387,1683.916748046875,403380127,2023,BAJAJFINSV.NS
1683.9167447866816,2028.9115488125337,1417.464733171465,1567.3363037109375,399047879,2024,BAJAJFINSV.NS
1564.2378515687283,2195.0,1564.2378515687283,2039.9000244140625,384886425,2025,BAJAJFINSV.NS
2045.0,2082.0,1931.199951171875,1942.5,16219839,2026,BAJAJFINSV.NS
30.2773890701569,69.57636827562828,27.33267585245821,57.25649642944336,2311444866,2014,BPCL.NS
57.51352604866718,87.48013358415432,55.83836265782963,81.16130065917969,2030813076,2015,BPCL.NS
81.22497659788519,129.4362503365206,67.46162601057753,119.56790924072266,2138614635,2016,BPCL.NS
120.41460546730436,163.28464024814414,118.22137961187858,153.263427734375,1803241710,2017,BPCL.NS
153.35226603215386,154.83250026026343,74.3345309566518,113.03648376464844,2775121928,2018,BPCL.NS
112.50672578005957,181.00549776481435,97.23784472644765,162.064208984375,3381010362,2019,BPCL.NS
162.21259563783292,168.1471949040421,87.63367308447198,132.528564453125,4750571478,2020,BPCL.NS
132.5285353260691,195.03793615392738,130.8419225733363,161.8280792236328,3939577890,2021,BPCL.NS
161.21931199105262,170.83371911166,124.72338096785946,143.1039276123047,2136484568,2022,BPCL.NS
142.90905004574014,215.8874535972546,135.9811977402441,206.62562561035156,2157605330,2023,BPCL.NS
210.63753712481514,355.84076052821354,204.08091866398576,276.77032470703125,3927959094,2024,BPCL.NS
276.62831337027677,386.0,225.83944732349474,384.0,2075651018,2025,BPCL.NS
386.3999938964844,388.1499938964844,345.5,354.54998779296875,97264585,2026,BPCL.NS
278.4198085444813,356.5469842791951,237.1193918275367,299.4145812988281,1280075179,2014,BHARTIARTL.NS
300.8576971844587,384.0944960874201,259.64512300195315,290.5907897949219,1261587785,2015,BHARTIARTL.NS
290.2067127102676,328.66473469083144,240.9923794040511,261.95391845703125,920475327,2016,BHARTIARTL.NS
259.76854386066594,485.27768174418907,256.3832077702643,455.0767517089844,1471472315,2017,BHARTIARTL.NS
456.23654384650814,466.11745876076844,240.9803001594056,274.281494140625,1724920722,2018,BHARTIARTL.NS
277.30960760289946,464.19255482968697,257.034716134831,435.70623779296875,2507448007,2019,BHARTIARTL.NS
435.945225034925,585.0201943909151,345.8024154426463,488.9797058105469,5187992882,2020,BHARTIARTL.NS
491.42607970995465,764.1000134034693,479.2423172759298,668.3186645507812,3935091141,2021,BHARTIARTL.NS
672.2281052084564,844.8053639204405,614.515019627513,791.3516235351562,1771831428,2022,BHARTIARTL.NS
791.4988568756722,1031.529950826312,722.337827637255,1017.969482421875,1250745597,2023,BHARTIARTL.NS
1017.7228936715331,1764.2510324215198,993.1169169235629,1574.586669921875,1639351147,2024,BHARTIARTL.NS
1579.793136063459,2174.5,1546.5708862217894,2105.60009765625,1697274455,2025,BHARTIARTL.NS
2114.800048828125,2125.0,1966.5999755859375,1980.5,87998157,2026,BHARTIARTL.NS
392.9875348513507,810.1755968963718,347.4281884757929,799.3587646484375,56191436,2014,BRITANNIA.NS
798.6854791330845,1500.1432258267275,792.0389769957947,1295.7529296875,95837016,2015,BRITANNIA.NS
1294.0496528113715,1576.694374931993,1094.2677418025373,1269.66943359375,95949504,2016,BRITANNIA.NS
1276.1800027255742,2196.0607059067706,1245.1012803666054,2083.402099609375,78483144,2017,BRITANNIA.NS
2101.429963573544,3079.7363703166566,1946.587695112564,2767.270263671875,69600891,2018,BRITANNIA.NS
2771.356665918967,3201.721433411285,2054.8190154677345,2705.03515625,106907911,2019,BRITANNIA.NS
2720.134026567129,3622.225736590102,1876.1393247679416,3300.815673828125,191239457,2020,BRITANNIA.NS
3299.569313649259,3910.936481591624,3061.723413851787,3395.819580078125,119523180,2021,BRITANNIA.NS
3399.5863049633595,4346.250931364258,2872.226738916349,4126.35205078125,86318497,2022,BRITANNIA.NS
4195.803724974376,5248.069160173514,3978.395695626395,5201.68896484375,84085994,2023,BRITANNIA.NS
5202.224434164453,6386.20856861246,4522.1061091064885,4701.14111328125,86723386,2024,BRITANNIA.NS
4690.7281371278295,6336.0,4447.712523679271,6031.0,90429507,2025,BRITANNIA.NS
6031.0,6271.0,5787.0,5872.5,5868217,2026,BRITANNIA.NS
374.2049056161763,628.5429187817143,340.73561218676923,585.0213623046875,409596313,2014,CIPLA.NS
585.1146476016312,703.1181218136385,533.5143486023071,608.5303955078125,421528444,2015,CIPLA.NS
611.7614532314319,616.6783968466244,428.4297137673572,534.5574951171875,423157514,2016,CIPLA.NS
535.4502088189546,625.6796368010881,451.2913286686417,573.9012451171875,315744366,2017,CIPLA.NS
573.4295980682748,642.9798028149162,476.70258935201895,492.33990478515625,578662991,2018,CIPLA.NS
492.81381470493955,555.3632209771088,371.3261041363935,455.8289489746094,595034223,2019,CIPLA.NS
458.49798512801897,808.1243898138822,338.67839344959674,789.775390625,1837940469,2020,CIPLA.NS
792.5205178082123,973.3559405266897,710.9375193349734,914.3734741210938,976092121,2021,CIPLA.NS
917.2306061830454,1153.5072248167046,832.9215867296928,1047.134521484375,482512563,2022,CIPLA.NS
1051.3192901650043,1259.3059643413953,829.1822013176072,1222.759521484375,462353929,2023,CIPLA.NS
1228.7932915876,1684.0603137461426,1223.1518993547065,1512.83935546875,474520416,2024,CIPLA.NS
1515.7580853381512,1673.0,1320.889802425397,1511.300048828125,361591369,2025,CIPLA.NS
1512.0,1539.699951171875,1281.699951171875,1308.9000244140625,40494156,2026,CIPLA.NS
108.36242141904272,172.30675109664202,97.72318349716771,156.1008758544922,922445603,2014,COALINDIA.NS
155.75519746371256,191.88496949695403,129.09639611537034,141.54251098632812,1046529441,2015,COALINDIA.NS
141.6283702489003,164.3078456211791,122.95917580517376,140.85537719726562,916733422,2016,COALINDIA.NS
140.87887573242188,156.02083638166957,116.64073340005078,131.23953247070312,1030008236,2017,COALINDIA.NS
131.26446872574775,160.41014487136016,120.71069141419152,131.06341552734375,1133707890,2018,COALINDIA.NS
131.19949682010628,151.51632371775491,99.18752456811295,117.97008514404297,1887776453,2019,COALINDIA.NS
117.97008573553332,119.78417066585106,66.6630012176525,87.54305267333984,3301322512,2020,COALINDIA.NS
87.51074708072088,139.6341183685067,80.95066905668507,106.04067993164062,3871094669,2021,COALINDIA.NS
106.91194971457813,199.8624175470178,106.73043536871296,181.79446411132812,3163052244,2022,COALINDIA.NS
183.16770038880549,336.8650020788322,170.52570472593672,331.14044189453125,2340732647,2023,COALINDIA.NS
332.7257031952505,489.05996820849026,324.09492043373064,358.3722229003906,2799363031,2024,COALINDIA.NS
357.81246105723284,412.3999938964844,330.62254523546545,399.0,1533716399,2025,COALINDIA.NS
399.0,442.0,398.25,425.0,172003766,2026,COALINDIA.NS
554.7101162217168,864.4582335309437,546.5792046377386,789.0032348632812,86433296,2014,DIVISLAB.NS
794.2915240048005,1149.1487718436435,719.7523387695503,1068.213134765625,91907873,2015,DIVISLAB.NS
1067.4269762264785,1291.183515047278,694.9832080708818,732.4121704101562,142712650,2016,DIVISLAB.NS
742.7857824130285,1079.6728939243762,497.7917640416297,1038.4052734375,485924413,2017,DIVISLAB.NS
1035.2382511841613,1503.434843168657,924.9546871537975,1412.5904541015625,215611256,2018,DIVISLAB.NS
1414.8293716843198,1800.4873011867103,1360.7610876912004,1777.234375,143052516,2019,DIVISLAB.NS
1776.4641571933566,3743.3734851006634,1577.2803883063766,3726.78564453125,275500180,2020,DIVISLAB.NS
3723.972758599058,5284.120729684475,3058.818334897888,4556.63037109375,158565696,2021,DIVISLAB.NS
4567.149381361697,4586.386148323073,3135.9440026720354,3349.95361328125,133879476,2022,DIVISLAB.NS
3356.6274867033426,3910.087781566963,2679.413102613267,3862.498046875,119066350,2023,DIVISLAB.NS
3868.533517137601,6256.959811548738,3314.472264521033,6071.1552734375,145714172,2024,DIVISLAB.NS
6062.395599631566,7039.446635250951,4932.540321884288,6392.5,104139958,2025,DIVISLAB.NS
6398.0,6731.5,5955.0,6051.0,5967769,2026,DIVISLAB.NS
470.1700540944513,681.943674737935,415.02432866637537,603.8119506835938,463130195,2014,DRREDDY.NS
600.7986440518144,820.3290116427829,551.86044240779,581.332763671875,553597185,2015,DRREDDY.NS
583.24028088555,693.8990459265582,514.2811675429512,575.5271606445312,455504375,2016,DRREDDY.NS
576.5801364522408,602.5037692133756,360.1881214319507,457.3895568847656,683470960,2017,DRREDDY.NS
456.5938157395256,525.5308509708194,357.50732087148145,500.02777099609375,1016343360,2018,DRREDDY.NS
500.33353951860124,576.1622125835618,357.93122306908845,553.5543212890625,868992440,2019,DRREDDY.NS
554.6039411066072,1068.414643848693,480.47370931991,1008.807861328125,1866700285,2020,DRREDDY.NS
1011.1626961782449,1088.1737578663667,801.410297620008,955.40185546875,980845320,2021,DRREDDY.NS
955.4019493902329,959.9384761027214,711.4404042582639,830.7147827148438,588155815,2022,DRREDDY.NS
834.8707274634493,1183.382624476447,818.4722665613759,1145.48876953125,507623665,2023,DRREDDY.NS
1145.903691800678,1412.5315374247275,1090.7126864176385,1379.7493896484375,519441440,2024,DRREDDY.NS
1379.6996885157137,1397.0398318187918,1013.5718351625553,1271.4000244140625,466106363,2025,DRREDDY.NS
1270.0,1270.0,1148.4000244140625,1242.0,33945074,2026,DRREDDY.NS
459.9375895622778,1458.6383781575767,404.47421050812954,1393.0299072265625,93370040,2014,EICHERMOT.NS
1387.1155100071142,2004.114470778854,1288.5007291714937,1562.4630126953125,189811410,2015,EICHERMOT.NS
1564.6368971374961,2483.101860575015,1371.9193051880086,2032.1529541015625,142673170,2016,EICHERMOT.NS
2087.791706094099,3131.1578327618613,2058.7910458717975,2837.57421875,98543800,2017,EICHERMOT.NS
2843.101594262479,3014.8800036316056,1878.1397948357376,2174.605712890625,156508650,2018,EICHERMOT.NS
2174.9725437104407,2218.209237770461,1437.8157702488443,2129.788330078125,343762530,2019,EICHERMOT.NS
2129.788523872837,2599.9251602846034,1186.9940559437389,2412.962890625,534010016,2020,EICHERMOT.NS
2413.0586305253655,2895.4795120144354,2196.3503877174735,2486.50634765625,243769994,2021,EICHERMOT.NS
2513.560027055773,3756.3203720856905,2071.7371714265973,3117.109130859375,191229728,2022,EICHERMOT.NS
3116.3849508180115,4100.800784268195,2738.787498191884,4045.63525390625,163821213,2023,EICHERMOT.NS
4047.099950595735,5039.653057592901,3478.3090071550264,4760.1767578125,155935589,2024,EICHERMOT.NS
4767.1860021505045,7374.5,4586.528606929082,7312.5,124022436,2025,EICHERMOT.NS
7317.0,7613.5,6910.5,7059.0,5902314,2026,EICHERMOT.NS
390.56744093324704,544.0462826094382,348.3891621608796,489.927490234375,125822056,2014,GRASIM.NS
491.222828119326,582.5274993497624,477.7627582496106,547.1737670898438,97477853,2015,GRASIM.NS
545.4761033364114,781.2364054088746,471.12745513469594,632.52685546875,188742985,2016,GRASIM.NS
636.3759923043694,1236.0738469875698,613.3917027221405,1108.4254150390625,392412187,2017,GRASIM.NS
1107.7598591331614,1199.0867182004113,722.9981398146988,789.5599975585938,260636518,2018,GRASIM.NS
791.3770119530244,917.9016751727091,611.7441540815264,717.9979858398438,435143200,2019,GRASIM.NS
721.0393554181717,926.5933561066694,371.76782622389436,901.1944580078125,659711912,2020,GRASIM.NS
897.9406489069231,1849.697732272539,893.8127577943324,1585.14111328125,372550244,2021,GRASIM.NS
1592.4696125449334,1885.6559855849216,1247.39783241569,1694.5946044921875,224973382,2022,GRASIM.NS
1696.4627905145373,2123.8247328616885,1501.439357417311,2110.527587890625,151308091,2023,GRASIM.NS
2120.6117741210815,2856.3428531188442,2001.549125721088,2433.84619140625,204616197,2024,GRASIM.NS
2431.155985886699,2977.800048828125,2268.696845700511,2829.0,155084465,2025,GRASIM.NS
2833.0,2893.0,2706.0,2839.300048828125,10753351,2026,GRASIM.NS
230.0096925726345,326.31561122852776,224.81590047192523,294.54815673828125,1067295580,2014,HCLTECH.NS
294.93560931757776,392.1130100139691,275.32857800574624,321.7569580078125,970124290,2015,HCLTECH.NS
321.7568948109528,337.26436796582743,269.9165542953071,321.1383056640625,963187718,2016,HCLTECH.NS
319.2183600306583,372.2215293396168,304.2668655479628,352.0234069824219,730598600,2017,HCLTECH.NS
351.43048209020714,447.5116573865537,346.27169299981983,384.3697509765625,1040516524,2018,HCLTECH.NS
383.4330961577324,474.26044269713486,366.6927294567725,456.2308349609375,886757373,2019,HCLTECH.NS
457.27487425382424,773.5321797751672,302.3661742236637,770.3972778320312,1719861943,2020,HCLTECH.NS
767.0182533966498,1153.1019535429962,732.781173477475,1113.042724609375,1318841833,2021,HCLTECH.NS
1110.7225191948264,1147.047747736659,758.9937416830718,918.2945556640625,847722194,2022,HCLTECH.NS
918.1177129398192,1394.1942791444942,905.8803325239833,1353.750732421875,647654872,2023,HCLTECH.NS
1348.1183327190397,1893.749095668484,1164.5846308561302,1833.876220703125,766718999,2024,HCLTECH.NS
1833.876359452131,1924.5464849686496,1258.6419391883555,1611.6251220703125,716372559,2025,HCLTECH.NS
1611.227959474964,1722.0,1568.7357464792142,1716.9000244140625,44727282,2026,HCLTECH.NS
151.14340852453216,222.2324018941954,139.55874697546557,217.13267517089844,1954106224,2014,HDFCBANK.NS
216.99575387185868,259.3175338785262,213.63015026516385,248.7770538330078,1542722392,2015,HDFCBANK.NS
248.8345216255186,305.5881883075583,213.33924921449068,279.5710144042969,1369097864,2016,HDFCBANK.NS
280.32427911648983,444.0282771597041,274.216948127618,436.86541748046875,1871459996,2017,HDFCBANK.NS
436.93534825316783,521.2752003513687,426.622745844024,498.1934509277344,2400392196,2018,HDFCBANK.NS
499.5906340212171,618.2688785595552,474.78307879886967,602.4510498046875,3183439560,2019,HDFCBANK.NS
604.3454493095634,693.5219326676075,349.86299150015697,680.2142333984375,7151797880,2020,HDFCBANK.NS
681.9664673920958,820.4746843514532,635.5548755229009,703.6581420898438,3735445174,2021,HDFCBANK.NS
706.3216999908345,819.0953496497071,611.8528538077786,783.413330078125,3923564542,2022,HDFCBANK.NS
782.8599557722763,855.3502267293802,710.6828703798318,831.8676147460938,7865311500,2023,HDFCBANK.NS
830.2858079331686,927.4634676846591,663.6203545889955,874.60302734375,10380272134,2024,HDFCBANK.NS
874.8989303590305,1020.5,801.3186405131205,991.2000122070312,4980188247,2025,HDFCBANK.NS
993.5,1006.4000244140625,905.0,917.5499877929688,522780622,2026,HDFCBANK.NS
302.8918150103442,409.29478108266187,299.96060389734083,378.4886169433594,307447842,2017,HDFCLIFE.NS
380.9399808553396,537.5812796698676,348.0918503589852,379.6162414550781,394978986,2018,HDFCLIFE.NS
380.25357952065673,636.6556315948503,337.698097338989,616.6123657226562,825784388,2019,HDFCLIFE.NS
613.6083479827854,678.1209411527835,334.874576583076,666.3018188476562,1027680424,2020,HDFCLIFE.NS
666.3018360209254,766.2117046295457,619.3705320597381,641.6460571289062,807988759,2021,HDFCLIFE.NS
646.0420060740536,670.5401089025926,491.00175985262894,560.92578125,959482593,2022,HDFCLIFE.NS
559.6875894644521,706.2394561426332,453.49548873434674,642.7316284179688,964507701,2023,HDFCLIFE.NS
643.029780018462,759.101767057804,508.26183610727145,615.34912109375,1167990019,2024,HDFCLIFE.NS
613.4044703307055,820.75,582.6893982272248,749.8499755859375,710836078,2025,HDFCLIFE.NS
750.0,779.9000244140625,708.0999755859375,717.9000244140625,45395958,2026,HDFCLIFE.NS
1449.263969920556,2358.7510397981105,1326.879998561681,2240.955810546875,108159911,2014,HEROMOTOCO.NS
2244.0940273204174,2269.990217871579,1623.9565807885615,1965.227783203125,135025607,2015,HEROMOTOCO.NS
1961.5080617168003,2767.265853073321,1734.0270838910317,2272.2822265625,96014952,2016,HEROMOTOCO.NS
2271.0503285512204,3130.389397578499,2211.735763662647,2895.68408203125,87814289,2017,HEROMOTOCO.NS
2914.694607052187,2971.619589975893,2080.437784499322,2438.896484375,102289767,2018,HEROMOTOCO.NS
2426.915246845398,2463.0557782001692,1804.6072777102654,1980.9246826171875,203467040,2019,HEROMOTOCO.NS
1990.5331855290663,2856.494178766487,1229.9153734388874,2616.777099609375,382034406,2020,HEROMOTOCO.NS
2620.984482848976,3115.541114498695,2007.8901003000362,2140.09814453125,197808736,2021,HEROMOTOCO.NS
2140.8802309192074,2643.7862999493213,1907.331295372874,2464.076171875,169791423,2022,HEROMOTOCO.NS
2464.0759478885543,3914.67115634507,2073.3834947262585,3864.400390625,151413932,2023,HEROMOTOCO.NS
3864.4003049224157,6002.599362284566,3668.6390422113122,3998.305419921875,181487167,2024,HEROMOTOCO.NS
4011.9509031045313,6388.5,3294.1890091098116,5771.0,181256241,2025,HEROMOTOCO.NS
5771.0,6049.0,5317.5,5337.0,8291512,2026,HEROMOTOCO.NS
112.80974286092727,183.01678390448333,88.97797478148512,145.83840942382812,2274953792,2014,HINDALCO.NS
145.69957358510388,149.91135571119426,63.3394452859401,79.52618408203125,1792132947,2015,HINDALCO.NS
79.47927730073809,174.5191424925466,55.175696543705726,146.4241943359375,2871569177,2016,HINDALCO.NS
147.17969926547647,264.4896910957228,145.62148404733188,259.50909423828125,2657606497,2017,HINDALCO.NS
258.9874095150693,269.4228023948129,182.47702890813565,215.70724487304688,2551211626,2018,HINDALCO.NS
215.03968679169077,215.27808999212502,163.63997039048115,207.5364227294922,1823973826,2019,HINDALCO.NS
207.53641579707883,247.00936803465532,81.51674365464298,232.14730834960938,3951708506,2020,HINDALCO.NS
230.65147409437313,536.2576006554052,216.7062315554557,462.1134338378906,3531603869,2021,HINDALCO.NS
462.11345297821526,618.0299831222756,300.2206864629178,464.1946105957031,2735132313,2022,HINDALCO.NS
466.744325077589,610.0039820514842,373.6307833480588,606.8947143554688,1471588235,2023,HINDALCO.NS
606.5493085349024,767.0250525807884,489.9279658452015,598.0640869140625,1756360399,2024,HINDALCO.NS
597.1209822383015,890.0,542.4717959005195,886.7000122070312,1338077463,2025,HINDALCO.NS
888.0999755859375,985.0,882.4500122070312,962.7000122070312,97740901,2026,HINDALCO.NS
466.9503066273226,692.6948969644586,439.5788476590409,634.5493774414062,281388715,2014,HINDUNILVR.NS
633.8815767796502,818.9618371431944,628.33011379724,733.9149780273438,379917024,2015,HINDUNILVR.NS
731.5756276937361,820.495484435494,651.9529999022039,716.70654296875,322544893,2016,HINDUNILVR.NS
718.1376419537936,1217.969887810424,708.2067961959596,1204.8018798828125,295406685,2017,HINDUNILVR.NS
1204.0532232917965,1668.5482829751782,1128.3925371448634,1624.0567626953125,329722363,2018,HINDUNILVR.NS
1628.6532978606006,1978.9574946975843,1472.6422149327805,1737.6871337890625,346580095,2019,HINDUNILVR.NS
1744.0124316244267,2362.3687973284427,1587.955338048356,2202.822998046875,932668582,2020,HINDUNILVR.NS
2202.823016815267,2648.4534471673865,1949.5634852065361,2199.54541015625,440212533,2021,HINDUNILVR.NS
2216.180732504574,2594.8912932696076,1772.1522422887963,2424.003173828125,430001323,2022,HINDUNILVR.NS
2436.1654374484147,2642.850296475034,2264.945642108792,2560.633056640625,363826893,2023,HINDUNILVR.NS
2560.5372049175576,2945.7147930006277,2087.810850316233,2284.675537109375,480542033,2024,HINDUNILVR.NS
2282.8588155253287,2728.5509248247226,2097.284437084069,2315.89990234375,424118461,2025,HINDUNILVR.NS
2322.0,2439.0,2300.0,2401.60009765625,20858158,2026,HINDUNILVR.NS
178.02959587332887,305.4993716164461,152.59217234314534,294.6915283203125,3846819683,2014,ICICIBANK.NS
294.3576498674838,328.3252392172344,206.3338890931648,221.8694305419922,3416330211,2015,ICICIBANK.NS
221.82696445372972,258.53598959611804,153.44518100000764,221.19381713867188,4855845106,2016,ICICIBANK.NS
222.06022228243103,319.23492971938055,214.9556827433014,301.6090087890625,4261044697,2017,ICICIBANK.NS
301.6090575152612,362.1008177640663,246.3781115569627,347.4836120605469,5056296999,2018,ICICIBANK.NS
348.78613268665435,534.0810438936231,324.3276697205237,521.2174682617188,4913455694,2019,ICICIBANK.NS
522.1846653710119,532.6301480738938,259.4964165355614,517.49365234375,8935979308,2020,ICICIBANK.NS
517.9772848018079,841.0069364855135,495.2000118315192,717.9599609375,4344554519,2021,ICICIBANK.NS
720.772979859294,935.0504833540824,622.8980656743049,869.3275146484375,3222123115,2022,ICICIBANK.NS
872.4014740958874,1026.8683114091973,776.7690607567737,980.5278930664062,4036182581,2023,ICICIBANK.NS
975.5592756483813,1351.9184375163336,954.5044205813539,1271.83642578125,3778237435,2024,ICICIBANK.NS
1271.8364809130148,1488.5144734435703,1176.9188152937772,1342.9000244140625,2585096181,2025,ICICIBANK.NS
1343.9000244140625,1443.9000244140625,1328.5999755859375,1347.699951171875,230836163,2026,ICICIBANK.NS
141.82082007945738,179.46467728819846,136.5625039831345,165.29759216308594,2469905762,2014,ITC.NS
164.8044460896718,180.22683257746783,134.54834238843335,150.01686096191406,2856399125,2015,ITC.NS
149.9252961578144,187.13013053708735,122.64953717467702,170.0639190673828,2796537182,2016,ITC.NS
170.31024377675573,253.61389653060317,167.91745611262238,188.1732177734375,3024782463,2017,ITC.NS
188.17323112159087,235.42849169858684,180.48901223583118,205.32107543945312,2965929872,2018,ITC.NS
205.7220145555245,227.21593667541478,174.01796359464385,176.7317657470703,3269340983,2019,ITC.NS
177.40090383024432,181.3414879224719,100.07613971112342,163.70733642578125,7304481274,2020,ITC.NS
164.41228336265388,219.08281399955175,156.8535766142459,180.06410217285156,7329145861,2021,ITC.NS
180.06408395002174,313.1043456590359,173.04485697222094,287.2035827636719,4335551757,2022,ITC.NS
286.640563437037,449.8386651147941,282.395926036288,415.990478515625,2871320287,2023,ITC.NS
417.2507895715969,491.92897929887965,364.9882198540191,450.1825256347656,3910891272,2024,ITC.NS
452.36992927745524,457.02391361750296,383.09149195819776,403.0,3781574604,2025,ITC.NS
402.70001220703125,402.70001220703125,321.04998779296875,322.6499938964844,802013967,2026,ITC.NS
395.35170304884326,762.2768408075823,345.67552505634603,755.6381225585938,309708658,2014,INDUSINDBK.NS
756.5327563997027,931.5880112750575,738.2645169464023,916.2766723632812,251357294,2015,INDUSINDBK.NS
915.3782811977773,1192.689660213434,755.5653971946477,1052.012939453125,324883720,2016,INDUSINDBK.NS
1053.9593648585499,1719.5241721366888,1027.4667447323347,1571.68701171875,285977992,2017,INDUSINDBK.NS
1574.6417794624635,1957.756164933868,1280.6587550607576,1536.3294677734375,380062961,2018,INDUSINDBK.NS
1537.0019252315499,1762.1728607265793,1147.304666175286,1458.2132568359375,979159726,2019,INDUSINDBK.NS
1460.1446099334291,1530.6409406017312,227.4715910824157,864.2568969726562,5218514272,2020,INDUSINDBK.NS
864.305164788476,1205.3185673927774,761.9404843329153,861.9193115234375,1588949892,2021,INDUSINDBK.NS
861.9678138509466,1248.0996031832556,740.6596381584882,1193.60888671875,913930159,2022,INDUSINDBK.NS
1193.6089676122572,1601.1247006419112,968.5049851578854,1581.3936767578125,845987620,2023,INDUSINDBK.NS
1581.3936776710066,1675.8946285664556,926.4500122070312,960.1500244140625,1013850284,2024,INDUSINDBK.NS
958.5999755859375,1086.550048828125,606.0,864.2000122070312,1788547330,2025,INDUSINDBK.NS
865.4500122070312,961.9000244140625,851.1500244140625,886.5499877929688,89621081,2026,INDUSINDBK.NS
318.3635109238146,409.99811438073743,266.17464668380205,367.4263000488281,2478780072,2014,INFY.NS
366.75559928795536,461.3137223233559,352.7170972230156,421.893798828125,1957026194,2015,INFY.NS
419.83270927727744,488.2655371337563,351.616189589732,394.3877258300781,1688710514,2016,INFY.NS
394.58280816401054,421.37121592166983,340.7601881784792,418.6593017578125,2431071516,2017,INFY.NS
416.91157896028795,621.4533579973747,404.1756523041857,548.3721313476562,2175713699,2018,INFY.NS
550.0364030170276,718.7522457289922,528.535258572391,628.2532958984375,2210336899,2019,INFY.NS
631.5614385527498,1108.1909974629248,437.581919575006,1105.5062255859375,2711089455,2020,INFY.NS
1107.3549790511033,1714.438591263301,1083.6743644373792,1694.64404296875,1660360332,2021,INFY.NS
1694.6441036073452,1754.027449784704,1229.2734174239552,1383.21142578125,1614574511,2022,INFY.NS
1388.5307532282952,1499.7852065776808,1087.0709523316075,1452.6170654296875,1597184877,2023,INFY.NS
1448.9450736698498,1948.7771714843159,1298.072273734188,1825.9617919921875,1727777118,2024,INFY.NS
1820.134214444306,1925.8070469770787,1269.4320382766355,1615.4000244140625,1921000711,2025,INFY.NS
1615.4000244140625,1694.0,1583.0999755859375,1682.0,108055411,2026,INFY.NS
89.63633251009549,121.15864463155032,70.66837732139321,92.89716339111328,1447437120,2014,JSWSTEEL.NS
92.99911708451103,96.37721068405664,71.84020811123135,92.69183349609375,1741091640,2015,JSWSTEEL.NS
92.39547618210018,170.23131514369112,85.3102426705137,146.90284729003906,1721876370,2016,JSWSTEEL.NS
146.94800044809372,251.5666419940702,144.96222199684382,246.2723846435547,1144610588,2017,JSWSTEEL.NS
245.99858833231877,394.33060187771093,238.87879280762147,282.9164123535156,1308677442,2018,JSWSTEEL.NS
284.89936695061414,289.60312040625354,188.9803792811631,252.95741271972656,1767699872,2019,JSWSTEEL.NS
253.56625423001117,372.8738345898216,124.11351042711054,366.531494140625,2382783754,2020,JSWSTEEL.NS
366.5788391887352,742.2377898656251,343.8125717202249,627.0069580078125,2223677242,2021,JSWSTEEL.NS
627.0069253308142,766.1578589052801,497.10331217536145,756.845703125,969916051,2022,JSWSTEEL.NS
760.6395644087783,886.4007859246608,639.5817118815099,871.0625610351562,562077557,2023,JSWSTEEL.NS
871.0625508133686,1060.1452009097263,753.7993667131537,899.0789184570312,587037068,2024,JSWSTEEL.NS
898.7298709203582,1223.9000244140625,877.6366579738332,1164.800048828125,434069962,2025,JSWSTEEL.NS
1163.5,1216.5,1146.4000244140625,1207.800048828125,25839385,2026,JSWSTEEL.NS
72.61071677144561,130.60823050613067,62.54243818178347,125.48516082763672,2406723990,2014,KOTAKBANK.NS
125.47524310434346,147.99645159820642,118.13088928847277,143.07846069335938,2000412290,2015,KOTAKBANK.NS
143.06852250752738,165.71868050483144,116.3922137063626,143.1012420654297,2178899960,2016,KOTAKBANK.NS
143.16087081401304,221.84929823323554,137.6929438408102,200.9884490966797,2462942075,2017,KOTAKBANK.NS
201.3167298045579,282.0689032204838,197.4668722516745,250.11968994140625,3172851410,2018,KOTAKBANK.NS
249.62201610913436,345.5165251242374,238.47464629759952,335.468505859375,3626118415,2019,KOTAKBANK.NS
336.39460389431855,403.71335586350307,199.36709871659082,397.45953369140625,6831058835,2020,KOTAKBANK.NS
397.718453778899,448.9481314413424,323.8470533591262,357.90313720703125,4492541430,2021,KOTAKBANK.NS
358.0825032801248,398.2850778572924,325.004245491039,364.32952880859375,3507267020,2022,KOTAKBANK.NS
364.43914007742165,411.61408395311554,327.69221319476907,380.76318359375,5195298050,2023,KOTAKBANK.NS
380.9427858579088,387.9526948282527,308.0767192693183,356.7986145019531,7049822375,2024,KOTAKBANK.NS
355.44018735902756,459.8498287702682,344.35298357433106,440.2200012207031,4635632900,2025,KOTAKBANK.NS
442.0,445.6000061035156,400.5,409.6000061035156,243045730,2026,KOTAKBANK.NS
601.0562274419082,993.1975356140248,531.9303556157789,843.6484985351562,719300608,2014,LT.NS
843.1687880019554,1068.946856793249,721.0512519319539,727.2952880859375,699882983,2015,LT.NS
729.3195655580838,920.9154679890447,579.3784808909064,778.7515258789062,686036541,2016,LT.NS
782.7632777133877,1131.9789408721513,778.7803582051139,1116.276123046875,521775388,2017,LT.NS
1118.7156558498184,1311.5308643915494,1062.4688686124039,1291.6295166015625,572422083,2018,LT.NS
1298.3232721345034,1443.8791410870763,1079.1806422296522,1181.5128173828125,746288830,2019,LT.NS
1190.796051595905,1270.1594177912752,610.0118373530852,1221.8583984375,1334500148,2020,LT.NS
1217.4932471681946,1901.8526370935524,1217.4932471681946,1819.4639892578125,719113750,2021,LT.NS
1818.600230561389,2149.615814477438,1397.6350992990738,2027.341796875,515313644,2022,LT.NS
2034.2424199144461,3499.5458921862173,2000.3207325385895,3466.172119140625,484586410,2023,LT.NS
3477.968451638937,3926.8766708182884,3121.176860025811,3574.314697265625,626347457,2024,LT.NS
3566.7355253067485,4140.0,2937.900120111403,4083.5,460343726,2025,LT.NS
4090.0,4195.0,3720.10009765625,3776.89990234375,30581113,2026,LT.NS
581.2031921317841,623.028876412496,522.821285562276,599.2971801757812,23792926,2016,LTIM.NS
594.8468177248681,1014.2878720610894,578.367415094198,1007.6682739257812,15697201,2017,LTIM.NS
998.7971732634263,1803.6694889104776,968.2208918554904,1583.1817626953125,58682654,2018,LTIM.NS
1583.1814625255893,1734.5309193880448,1325.9566649823078,1628.9566650390625,35794779,2019,LTIM.NS
1628.5843007361218,3485.3036134633267,1125.9855250780104,3448.552001953125,65987996,2020,LTIM.NS
3442.4267292040113,7204.930934303966,3321.805127590245,6983.0673828125,85346582,2021,LTIM.NS
6988.78177957134,7227.645794472301,3555.6307193954476,4188.3935546875,105140486,2022,LTIM.NS
4188.393713883765,6198.080658977744,3953.903708393663,6138.546875,109205781,2023,LTIM.NS
6152.052506955145,6681.049441464822,4401.407481265311,5514.1767578125,119178666,2024,LTIM.NS
5553.3173722122065,6380.0,3753.182142516292,6063.5,78491227,2025,LTIM.NS
6063.5,6429.5,5751.5,5888.0,6538389,2026,LTIM.NS
423.806396484375,648.3679979224903,378.4751898885995,558.26025390625,506432654,2014,M&M.NS
559.8656353310281,658.2771341153957,498.36194855574394,580.8112182617188,525480780,2015,M&M.NS
580.6287706475581,694.5189800939205,498.14141159532306,545.2775268554688,479900668,2016,M&M.NS
545.1854952274658,730.1573748185334,538.6266996960253,698.0032958984375,584615293,2017,M&M.NS
697.9104840141418,930.2974084391985,650.1775423063592,753.0911254882812,647826356,2018,M&M.NS
754.168522148103,754.9648262866227,477.3830974417123,504.9308166503906,877735375,2019,M&M.NS
506.21324175077433,729.2827321496607,233.11076157450424,687.449951171875,1539916102,2020,M&M.NS
691.6475958715253,944.47492692184,689.7396025036038,807.62744140625,1096534337,2021,M&M.NS
805.5532519241925,1331.8474884389955,647.4814981010819,1217.4774169921875,859103095,2022,M&M.NS
1219.2317081811423,1731.311795342002,1094.8721131534885,1703.14599609375,614239647,2023,M&M.NS
1703.1461366921203,3196.4198692208993,1551.090042320858,2983.13330078125,807317692,2024,M&M.NS
2983.1333335663185,3795.0,2405.672549234822,3709.199951171875,653708140,2025,M&M.NS
3725.0,3839.89990234375,3363.699951171875,3414.10009765625,28821192,2026,M&M.NS
1599.4828889807877,3142.0806120477882,1392.0021199565451,3022.09716796875,115700293,2014,MARUTI.NS
3013.429537540691,4373.399914843956,3013.429537540691,4219.96484375,119545836,2015,MARUTI.NS
4219.098684182824,5492.357608173679,2915.524025862688,4890.6708984375,192433333,2016,MARUTI.NS
4891.1307312770505,9282.38712130775,4843.093289882414,9034.5966796875,114925212,2017,MARUTI.NS
9052.657230208672,9219.800999639567,6089.369762223387,6993.8759765625,151524625,2018,MARUTI.NS
6979.120461938708,7369.937023515148,5102.001898610894,6999.3837890625,243129700,2019,MARUTI.NS
7007.363299952278,7680.105396143103,3800.618272503103,7331.6650390625,329056223,2020,MARUTI.NS
7335.881810324699,8071.342354509222,6134.001421065411,7163.171875,200850729,2021,MARUTI.NS
7156.95000703163,9484.713312742115,6304.819386591054,8150.3095703125,176955611,2022,MARUTI.NS
8121.570615105511,10714.583283926331,7893.409192490795,10096.6708984375,117404177,2023,MARUTI.NS
10138.469370990719,13406.888351887514,9543.24497097576,10742.1337890625,138348290,2024,MARUTI.NS
10741.738134381618,16818.0,10684.557220201148,16697.0,98048404,2025,MARUTI.NS
16700.0,17370.0,15013.0,15154.0,5565735,2026,MARUTI.NS
74.0892523130576,93.93955432849695,61.5418116004044,81.10806274414062,2172237989,2014,NTPC.NS
81.22071601209984,93.28134892476021,60.63993276809604,84.06951141357422,1479695079,2015,NTPC.NS
84.0982545747793,98.97971440551072,68.06309923918069,96.97541046142578,1286655422,2016,NTPC.NS
97.15199962289446,113.83107696702244,91.54592355177327,107.17073059082031,1755931816,2017,NTPC.NS
107.20100024359627,110.81735130128966,83.71952941330129,93.08761596679688,1832927513,2018,NTPC.NS
93.02517061471167,112.21700100642617,82.13344702148437,93.48333740234375,3049305178,2019,NTPC.NS
93.48334595663333,98.15555765823356,57.479882695358455,80.92422485351562,6399678681,2020,NTPC.NS
81.41294873648232,131.29875503708533,71.8014229692395,107.38697814941406,4701331840,2021,NTPC.NS
108.25024603911129,165.65340718997592,107.64597437375537,150.7133331298828,3809757415,2022,NTPC.NS
151.2566244736954,300.10831446036434,148.4949756561302,295.97052001953125,3222954920,2023,NTPC.NS
296.7790887938862,434.1373428397763,282.0827976565746,324.697998046875,4260608307,2024,NTPC.NS
324.3570803663719,364.63135282773345,287.42509487399354,329.54998779296875,2854054036,2025,NTPC.NS
329.79998779296875,354.79998779296875,329.6000061035156,343.20001220703125,181702594,2026,NTPC.NS
230.35109949001782,289.78254646261195,198.076404978577,281.16546630859375,172361400,2014,NESTLEIND.NS
281.1720041938576,330.49280829945747,243.15436312693708,258.3246154785156,303482540,2015,NESTLEIND.NS
257.9721914662217,328.2386815636349,220.7815876164485,269.6778259277344,189575320,2016,NESTLEIND.NS
269.75169646247616,364.05954724722164,260.7152024139724,356.4446716308594,206097620,2017,NESTLEIND.NS
357.7624524501813,533.4511091643612,311.8987263575427,507.5746154785156,328060240,2018,NESTLEIND.NS
510.5577982572007,708.8407659250245,459.3486355098427,694.6054077148438,397254980,2019,NESTLEIND.NS
696.1862690125074,895.6186874520666,573.1474050904844,874.0527954101562,721169320,2020,NESTLEIND.NS
874.026703421854,984.8415398289014,760.5486451052939,947.24169921875,387945460,2021,NESTLEIND.NS
946.7273995502655,1016.8609616545152,772.9109759177695,952.7426147460938,310410220,2022,NESTLEIND.NS
953.2601389518665,1309.0886729765928,868.8685484383064,1305.6649169921875,332521080,2023,NESTLEIND.NS
1309.088709954347,1374.3829021711595,1061.4115212881898,1073.6068115234375,472826484,2024,NESTLEIND.NS
1073.5821132961062,1311.5999755859375,1050.582767116736,1288.0,370955614,2025,NESTLEIND.NS
1293.0,1332.699951171875,1271.300048828125,1301.0999755859375,17399242,2026,NESTLEIND.NS
108.94132846673884,179.60153942463862,99.23052182074167,131.92474365234375,1805524991,2014,ONGC.NS
131.49962052675338,144.46602900490262,84.40314634372656,96.58917999267578,1486159587,2015,ONGC.NS
95.84999139932121,129.98109381251814,75.01391102772692,118.58811950683594,1816273448,2016,ONGC.NS
118.86699851556597,131.53023740014174,97.2842758674309,124.93773651123047,1809321331,2017,ONGC.NS
124.9377457749599,136.23459885266723,87.9984444405527,97.89215850830078,1907525592,2018,ONGC.NS
97.95746466126106,121.89566463189753,79.22162570054408,88.3058853149414,2858261985,2019,ONGC.NS
88.2716058980938,91.4596590006405,34.280237842606404,68.5316390991211,6508913059,2020,ONGC.NS
69.04719183834851,131.44106143164652,64.62813947846048,112.35334777832031,6161547207,2021,ONGC.NS
112.31389175075802,155.43527429273354,95.55741022155398,125.78250885009766,5625130099,2022,ONGC.NS
126.25394632565153,192.65968822358633,120.08268780159109,186.34373474121094,2761470831,2023,ONGC.NS
187.20705986661434,318.1151424882011,185.07143661482107,227.7718505859375,4834032949,2024,ONGC.NS
226.40095605004043,260.3787112072839,199.0504551330931,240.3800048828125,2703964026,2025,ONGC.NS
240.89999389648438,251.0,231.0,248.33999633789062,200012420,2026,ONGC.NS
34.34986006382236,53.14184986029181,32.0793584104439,48.59891891479492,2567972781,2014,POWERGRID.NS
48.59892711422116,55.99438682061626,43.10006645916111,50.46516036987305,923014095,2015,POWERGRID.NS
50.55454482425656,71.18665360113656,46.44675909828437,66.51094818115234,1971714855,2016,POWERGRID.NS
66.51094761983403,82.54260121216745,66.1847369432029,74.146240234375,2370138915,2017,POWERGRID.NS
73.66513376744165,80.9525518942423,65.24923951797106,75.53076171875,2795772395,2018,POWERGRID.NS
75.07448762821295,84.7600086151102,65.58800488615569,75.46267700195312,2898887395,2019,POWERGRID.NS
75.581685114279,84.34827998424429,50.23397196907251,81.95249938964844,5517112755,2020,POWERGRID.NS
81.58557966936334,130.53354585677414,78.77972160860679,126.21121978759766,4853289331,2021,POWERGRID.NS
126.8286867433962,157.60986752645636,119.42439271706128,140.22752380371094,3863503335,2022,POWERGRID.NS
140.7852784817331,223.33959737604422,134.02651819116235,220.77996826171875,3578909306,2023,POWERGRID.NS
221.43151654988324,349.47789132554095,210.40180257041197,298.79150390625,4293733908,2024,POWERGRID.NS
298.7915340436451,315.3094570159912,242.16160676642085,264.6000061035156,3055308075,2025,POWERGRID.NS
264.1000061035156,273.29998779296875,252.0500030517578,255.0,205648135,2026,POWERGRID.NS
190.16697531841217,245.0695917700575,168.0555537197164,190.69528198242188,3513616091,2014,RELIANCE.NS
189.65746131276853,231.3859077736056,170.43062162831464,219.84750366210938,3773376347,2015,RELIANCE.NS
218.8074201514001,247.51106648279213,192.43699420019152,237.17938232421875,3895124679,2016,RELIANCE.NS
237.5299524092724,423.8409238591258,221.92837238530092,406.8563232421875,4600798956,2017,RELIANCE.NS
407.5852391130104,590.9849213431612,384.7477132531693,498.6017761230469,4252660509,2018,RELIANCE.NS
500.3805422248043,723.6160040571339,480.74775348639315,677.3150024414062,4783822019,2019,RELIANCE.NS
679.0819971118469,1074.3372576523657,391.72473514239124,900.1970825195312,9704450477,2020,RELIANCE.NS
901.421320358103,1251.8972908980181,829.7791594362084,1077.5367431640625,4466338070,2021,RELIANCE.NS
1076.1034905748938,1299.5827089210004,991.9262942983967,1162.7880859375,3438996881,2022,RELIANCE.NS
1164.066351583663,1303.7543992835303,995.1625932582816,1282.9791259765625,3290119782,2023,RELIANCE.NS
1280.7953983035607,1596.9800437158895,1196.7204388413884,1210.6148681640625,3258314971,2024,RELIANCE.NS
1210.0172807004092,1581.300048828125,1110.415052053189,1570.4000244140625,2787270587,2025,RELIANCE.NS
1573.699951171875,1611.800048828125,1368.0,1390.4000244140625,218809155,2026,RELIANCE.NS
155.64559502860894,291.4233889539562,127.81033988856744,277.9642028808594,4655318650,2014,SBIN.NS
278.4989890957215,299.4899960079068,198.7055153291685,202.58665466308594,3563212818,2015,SBIN.NS
203.08309254522428,264.0922466730699,133.80918406584226,228.79458618164062,5225832766,2016,SBIN.NS
230.89781779277487,324.150343549634,220.47312666609628,285.9498596191406,4129920212,2017,SBIN.NS
286.5957800553425,307.0339510865047,214.39321667951648,273.0318298339844,5573432305,2018,SBIN.NS
274.50818188883636,344.9114666440004,225.46581168703113,307.9566650390625,6866819832,2019,SBIN.NS
308.8332487236844,313.58523929231825,137.89999130715768,253.70095825195312,15239914297,2020,SBIN.NS
253.65478222568382,505.0090529917581,248.67210897698834,428.7874450683594,8690919935,2021,SBIN.NS
430.2308281477865,595.4086339888136,395.7751468524198,580.418212890625,3755787887,2022,SBIN.NS
581.6004365130118,636.7228692336894,472.2695173216822,619.03076171875,4066325263,2023,SBIN.NS
619.1753954576906,894.0479177688353,579.1150485116219,779.3019409179688,4322118632,2024,SBIN.NS
779.8901437444632,999.0,666.6146467698901,982.2000122070312,2620506214,2025,SBIN.NS
983.2000122070312,1055.5,980.3499755859375,1041.3499755859375,142079088,2026,SBIN.NS
522.8476625725602,859.4949145742241,508.4019929141337,761.8399047851562,578832068,2014,SUNPHARMA.NS
761.793727193938,1106.790078990755,651.04816582963,758.4619750976562,1172081324,2015,SUNPHARMA.NS
749.1216323032291,830.8725375397352,529.5638316272674,583.3626708984375,835330755,2016,SUNPHARMA.NS
586.1406551135775,675.08030972844,400.66839199976044,532.4235229492188,1103292184,2017,SUNPHARMA.NS
532.7497438394681,633.240375547857,365.21360793305735,402.5202941894531,1870357893,2018,SUNPHARMA.NS
404.39035531176216,452.7769042226042,322.15654083521986,407.0648498535156,1817463785,2019,SUNPHARMA.NS
407.4413241842928,569.2863582225536,295.73720798017666,562.5435791015625,2599112383,2020,SUNPHARMA.NS
562.6860712399273,817.391511637569,522.7044499244544,812.3009033203125,1435110293,2021,SUNPHARMA.NS
811.6284707161743,1040.1758301189266,753.8059068233961,972.62451171875,749319391,2022,SUNPHARMA.NS
972.6245407450612,1249.077961481327,902.6701352255895,1236.802734375,544986154,2023,SUNPHARMA.NS
1238.325014664904,1942.2128402851918,1229.9778595303667,1868.8975830078125,566742912,2024,SUNPHARMA.NS
1872.4147685603684,1885.3439580806103,1547.9543734723854,1719.699951171875,575349478,2025,SUNPHARMA.NS
1720.0,1806.5999755859375,1600.0,1632.0,38838787,2026,SUNPHARMA.NS
821.2488397352582,1100.9244109793206,754.5587018597818,993.8133544921875,578958206,2014,TCS.NS
997.2126300750976,1094.6134562562916,913.5329859190808,961.513427734375,580144728,2015,TCS.NS
962.361152768345,1099.744944622272,824.3308948646578,950.3366088867188,539221804,2016,TCS.NS
950.7583669413428,1137.7636003986825,867.4136524949754,1106.5478515625,548139150,2017,TCS.NS
1098.80563885408,1888.4599366269551,1073.3666454486859,1574.0589599609375,849403971,2018,TCS.NS
1576.5118187128883,1967.1414824113224,1503.3404830972684,1861.0343017578125,735540994,2019,TCS.NS
1866.4584166902255,2590.1059532822896,1299.52147769336,2511.7978515625,999522187,2020,TCS.NS
2526.9324415179717,3532.2775413447675,2526.0550344202225,3315.929931640625,682774115,2021,TCS.NS
3326.262938126187,3586.1556110947845,2624.444679071443,2928.522216796875,581528452,2022,TCS.NS
2932.3893356780377,3659.1662710789706,2823.6163302860664,3532.87841796875,473682090,2023,TCS.NS
3529.712285492124,4348.038051973605,3392.627636061575,3886.500732421875,593722800,2024,TCS.NS
3886.1205985527304,4103.045093599212,2804.957413772581,3148.955322265625,667864940,2025,TCS.NS
3157.59834501185,3241.6700055592964,3082.0,3153.199951171875,47763090,2026,TCS.NS
29.761299381038953,41.03741564116668,23.248822515707467,28.537199020385742,13190874297,2014,TATASTEEL.NS
28.372865745076517,30.11267638308603,14.687649251451251,19.107913970947266,14239225005,2015,TATASTEEL.NS
19.049075577269154,33.2033379518764,15.529777855054123,29.42425537109375,17925042052,2016,TATASTEEL.NS
29.589706573017665,57.015180934235154,29.24751783518213,56.062191009521484,13609423040,2017,TATASTEEL.NS
56.06983378615286,60.70086119023497,39.75493027826621,42.6088752746582,19589294197,2018,TATASTEEL.NS
42.85011300380814,45.92894440986519,26.88144172886483,39.61099624633789,28233782020,2019,TATASTEEL.NS
39.690715328905995,56.25834622397691,21.049505442820333,55.41038131713867,40144352630,2020,TATASTEEL.NS
55.52659447945485,135.05786163592913,51.30830024223039,97.82343292236328,39086622820,2021,TATASTEEL.NS
98.13588636172551,122.04935906489378,76.71539030056049,104.49805450439453,18017084312,2022,TATASTEEL.NS
106.12141075688248,135.30494322440936,94.20130723322663,133.72439575195312,9134159501,2023,TATASTEEL.NS
134.10756327460035,176.83039789776666,122.80419707584873,134.90396118164062,11392445083,2024,TATASTEEL.NS
134.95283250600994,186.94000244140625,119.82559942608383,180.0800018310547,7170150469,2025,TATASTEEL.NS
180.60000610351562,192.39999389648438,177.3300018310547,191.60000610351562,469241295,2026,TATASTEEL.NS
325.9583426121952,487.49431824712445,296.16276669415737,462.45086669921875,696214880,2014,TECHM.NS
461.6396233837699,534.0506738193749,327.01701498728124,376.485595703125,604972473,2015,TECHM.NS
378.8311512837819,407.0503928854038,294.0289618631097,361.4508972167969,501681208,2016,TECHM.NS
365.591067329782,392.1403226965208,263.6765710655736,381.4693603515625,635686438,2017,TECHM.NS
379.23684037887966,604.3166065154867,378.44217739428274,559.6973266601562,816695784,2018,TECHM.NS
553.3894200123683,655.1663834037462,480.0934829913621,602.7756958007812,699287507,2019,TECHM.NS
605.7013701315832,827.9301360666472,377.82704033380475,816.8507690429688,1164639935,2020,TECHM.NS
819.2008521891989,1599.8566059847312,768.0007805671656,1558.554443359375,881653730,2021,TECHM.NS
1562.471502814896,1582.4479066597123,821.4279874261659,926.677734375,729251772,2022,TECHM.NS
928.0453568512906,1260.675694059352,894.4482605000546,1203.554931640625,612970467,2023,TECHM.NS
1203.8858680477492,1756.867864102321,1099.8106991292734,1658.22216796875,543031665,2024,TECHM.NS
1652.7794995960635,1687.5728438580902,1175.3920904272206,1590.9000244140625,475438663,2025,TECHM.NS
1591.0,1736.0,1562.800048828125,1728.300048828125,36153467,2026,TECHM.NS
218.22637669414374,405.8915280538699,192.08664733870842,364.4906005859375,285518693,2014,TITAN.NS
364.156282564379,428.2393808374559,291.0470362372577,333.73077392578125,216950674,2015,TITAN.NS
333.73076267437244,430.08349155402857,286.54492263704606,316.20086669921875,360732328,2016,TITAN.NS
318.28112332716097,847.7761211120811,314.9430059233068,834.3109130859375,453382257,2017,TITAN.NS
833.873382769137,971.9286350394455,715.0735539127492,909.099365234375,695651460,2018,TITAN.NS
909.8317076584389,1363.4145799861865,898.553385544497,1165.2708740234375,581349071,2019,TITAN.NS
1171.647005370567,1546.9394490287614,707.1373445501561,1543.1484375,832755472,2020,TITAN.NS
1538.1757661646343,2643.212572430279,1374.6196948385518,2489.726806640625,419768323,2021,TITAN.NS
2477.487508331165,2764.593202838556,1801.4096233706193,2572.924072265625,339911281,2022,TITAN.NS
2582.3340817172425,3713.635784005441,2248.1264714710446,3652.470703125,226389113,2023,TITAN.NS
3665.9359215079717,3862.648436079971,3036.545668729905,3243.388916015625,302500064,2024,TITAN.NS
3238.2546133374153,4061.89990234375,2916.223769645376,4051.5,231598665,2025,TITAN.NS
4063.699951171875,4312.10009765625,3978.300048828125,4006.800048828125,14625692,2026,TITAN.NS
1686.7292780944213,2738.4321491702563,1558.0077855378677,2560.99609375,59743753,2014,ULTRACEMCO.NS
2563.7233699465023,3251.9064313718377,2422.182248701953,2668.827392578125,70567083,2015,ULTRACEMCO.NS
2662.54097706738,3974.796694171503,2475.375558354608,3128.28564453125,77519612,2016,ULTRACEMCO.NS
3176.2183061108476,4363.064681787088,3138.681064694196,4168.71142578125,56420403,2017,ULTRACEMCO.NS
4150.958168963535,4438.192085314749,3154.3243179875253,3861.046630859375,70026756,2018,ULTRACEMCO.NS
3869.8021390377585,4745.297528797891,3223.9808425937217,3924.385009765625,121065315,2019,ULTRACEMCO.NS
3937.9157309444186,5254.135128273962,2822.4963185325005,5145.306640625,162205191,2020,ULTRACEMCO.NS
5173.27984766664,8084.89964008647,5103.370649466556,7422.04296875,114555745,2021,ULTRACEMCO.NS
7430.793662654351,7769.0899467767795,5042.233073248048,6843.17236328125,110182504,2022,ULTRACEMCO.NS
6863.67557857575,10398.03642636165,6494.13299143045,10375.365234375,82924959,2023,ULTRACEMCO.NS
10375.365118584776,12068.848263811251,9137.548370814142,11354.3779296875,85510428,2024,ULTRACEMCO.NS
11339.124218289317,13097.0,9984.560419697713,11784.0,71023627,2025,ULTRACEMCO.NS
11792.0,12825.0,11784.0,12677.0,4888182,2026,ULTRACEMCO.NS
117.1489631396325,232.71716266695088,104.51380076916388,207.481689453125,785357394,2014,UPL.NS
207.27216073987944,348.26546024927234,188.77211519388402,264.7034912109375,731283743,2015,UPL.NS
264.7034596469968,445.144887333859,221.89536388528794,394.1545715332031,557142129,2016,UPL.NS
395.55577546027587,554.1016591700235,392.9361989415245,468.2696228027344,530664732,2017,UPL.NS
467.7170322668518,508.66843712830524,329.85165840901846,471.1180114746094,757264383,2018,UPL.NS
472.20526579956066,665.8107751859498,461.61174566763106,548.8561401367188,806389961,2019,UPL.NS
549.3255716397617,577.402282876765,225.50521140796343,443.0090637207031,1633857705,2020,UPL.NS
446.38131589600613,821.4214908156877,443.0090099956969,717.9857788085938,1375178368,2021,UPL.NS
723.655881526307,814.9537487263669,583.8259815145991,697.4527587890625,622171402,2022,UPL.NS
699.8387070877214,759.6357196283635,522.4554250676747,580.9181518554688,566096932,2023,UPL.NS
581.6600515899983,619.3323621617017,442.97175056004255,496.4568176269531,823991659,2024,UPL.NS
493.9299362645737,801.0,492.6912715936733,795.1500244140625,615343038,2025,UPL.NS
797.2999877929688,812.2000122070312,671.5,719.0,55571042,2026,UPL.NS
94.1026688272221,105.27289350218258,79.6209943684806,93.98218536376953,2402376416,2014,WIPRO.NS
93.53358264357368,115.68414060131158,87.49721298244997,96.7816390991211,2085025887,2015,WIPRO.NS
96.76434808342826,105.88554912863036,71.31624558915685,82.91104125976562,1946262537,2016,WIPRO.NS
83.01588252521685,111.07014378621007,77.82575413572255,110.31539916992188,1795615698,2017,WIPRO.NS
109.35003800620788,121.1355738860468,89.28004080940957,116.52190399169922,2357429980,2018,WIPRO.NS
116.48669233011469,142.0270274776376,109.3457370085569,115.75013732910156,2726134527,2019,WIPRO.NS
116.07976655284484,184.63349173409597,75.36638822037723,182.62403869628906,5620288902,2020,WIPRO.NS
182.05663003224615,350.5971827374839,182.05663003224615,338.9871826171875,5315446288,2021,WIPRO.NS
340.24295753925145,344.41306042642276,178.23023798873848,187.96974182128906,3668136962,2022,WIPRO.NS
188.0894029191592,229.04592961719402,168.88179592502718,226.1192626953125,2488758432,2023,WIPRO.NS
226.93490462673097,307.71262361768476,200.49402523413352,290.25958251953125,3963218041,2024,WIPRO.NS
288.4805741329217,317.35771613953585,223.60184572930416,263.2799987792969,2579562661,2025,WIPRO.NS
264.5,272.5,231.75,233.9499969482422,202043255,2026,WIPRO.NS
